id,expected
0,0.4915707790954991
1,0.641940401374092
2,0.43440453090166353
3,0.31700441183405187
4,0.1283517653111829
5,0.6336092586807915
6,0.6491200988957136
7,0.7034997169393735
8,0.2974136697644953
9,0.5065798378149211
10,0.40758874380703436
11,0.6853865668567963
12,0.7066644677906841
13,0.5106549705790329
14,0.5141738115795278
15,0.1718553092706677
16,0.45621323374800893
17,0.4515749531087777
18,0.6623130376610102
19,0.5012889587739119
