id,expected
0,0.5043015282278073
1,0.6773606137621415
2,0.44120655042767154
3,0.3099732563984594
4,0.14375537777761727
5,0.6226174894737079
6,0.6408518217644554
7,0.7202477122819776
8,0.2830660821498139
9,0.5343924785756844
10,0.39049601310690446
11,0.7003474780529089
12,0.709946997774902
13,0.5869946522882454
14,0.500431298258442
15,0.17273352365610106
16,0.451075143224862
17,0.4511487227192126
18,0.636534752306345
19,0.47180636270716836
